{"polyfill":["/polyfill-be44684795d84d2845fe.js"],"app":["/app-17f2eabb676c03f95c0e.js"],"component---src-pages-404-js":["/component---src-pages-404-js-218dcf210692978cb745.js"],"component---src-pages-admin-admin-js":["/component---src-pages-admin-admin-js-f458d9d00a15e4028add.js"],"component---src-pages-home-js":["/component---src-pages-home-js-0456336e5bfea717f473.js"],"component---src-pages-index-js":["/component---src-pages-index-js-efea3b94eeb167ae6b06.js"],"component---src-pages-owner-create-hotel-page-js":["/component---src-pages-owner-create-hotel-page-js-24f02a4ac0ea13460e04.js"],"component---src-pages-owner-create-room-page-js":["/component---src-pages-owner-create-room-page-js-e03961a33910504dbcee.js"],"component---src-pages-owner-list-hotel-page-js":["/component---src-pages-owner-list-hotel-page-js-bab6cec77a479f7a29e7.js"],"component---src-pages-owner-list-room-page-js":["/component---src-pages-owner-list-room-page-js-5a6bb48b56dc1c8efedb.js"],"component---src-pages-owner-main-js":["/component---src-pages-owner-main-js-1de935b8c2220e243a86.js"],"component---src-pages-owner-owner-profile-page-js":["/component---src-pages-owner-owner-profile-page-js-4aa0eb3e1e82a0b46556.js"],"component---src-pages-owner-update-hotel-page-js":["/component---src-pages-owner-update-hotel-page-js-05cdb220a9c221028ee8.js"],"component---src-pages-search-js":["/component---src-pages-search-js-77226118363a764a261c.js"],"component---src-pages-user-explore-page-js":["/component---src-pages-user-explore-page-js-198ac2c8aae6c10089b1.js"],"component---src-pages-user-flights-page-js":["/component---src-pages-user-flights-page-js-a48e0acb57355385d4c6.js"],"component---src-pages-user-privacy-page-js":["/component---src-pages-user-privacy-page-js-2f199827bce141c54f30.js"],"component---src-pages-user-profile-page-js":["/component---src-pages-user-profile-page-js-b3514cc670d2ef747bad.js"],"component---src-pages-user-settings-page-js":["/component---src-pages-user-settings-page-js-6caff7b863b0dde831a3.js"],"component---src-pages-user-stay-page-js":["/component---src-pages-user-stay-page-js-cae045bf8c1ee145a1e7.js"],"component---src-pages-user-support-page-js":["/component---src-pages-user-support-page-js-449c96604d497c91a6d3.js"],"component---src-pages-user-things-to-do-page-js":["/component---src-pages-user-things-to-do-page-js-0c7a541dd6380ca40bd0.js"],"component---src-pages-user-trips-page-js":["/component---src-pages-user-trips-page-js-73f6a3127d74840166da.js"]}