{"name":"build-javascript","namedChunkGroups":{"polyfill":{"name":"polyfill","assets":[{"name":"webpack-runtime-94fe74cd6315099c87b1.js","size":7273},{"name":"polyfill-be44684795d84d2845fe.js","size":85021}],"filteredAssets":0,"assetsSize":92294,"filteredAuxiliaryAssets":2,"auxiliaryAssetsSize":234913},"app":{"name":"app","assets":[{"name":"webpack-runtime-94fe74cd6315099c87b1.js","size":7273},{"name":"framework-d476294a15909b953683.js","size":130486},{"name":"styles.a4f669154bed71d9d1c6.css","size":82427},{"name":"app-17f2eabb676c03f95c0e.js","size":83136}],"filteredAssets":0,"assetsSize":303322,"filteredAuxiliaryAssets":3,"auxiliaryAssetsSize":679509},"component---src-pages-404-js":{"name":"component---src-pages-404-js","assets":[{"name":"component---src-pages-404-js-218dcf210692978cb745.js","size":791}],"filteredAssets":0,"assetsSize":791,"filteredAuxiliaryAssets":1,"auxiliaryAssetsSize":1570},"component---src-pages-admin-admin-js":{"name":"component---src-pages-admin-admin-js","assets":[{"name":"framework-d476294a15909b953683.js","size":130486},{"name":"styles.a4f669154bed71d9d1c6.css","size":82427},{"name":"76d8c668-c0c6fef0da318f9a90a4.js","size":86772},{"name":"eab46c4b073e87fda05ce3e01f0fee625fdbb170-48e84cf1df01dd36ac6b.js","size":537708},{"name":"component---src-pages-admin-admin-js-f458d9d00a15e4028add.js","size":14282}],"filteredAssets":0,"assetsSize":851675,"filteredAuxiliaryAssets":6,"auxiliaryAssetsSize":3595208},"component---src-pages-home-js":{"name":"component---src-pages-home-js","assets":[{"name":"component---src-pages-home-js-0456336e5bfea717f473.js","size":3864}],"filteredAssets":0,"assetsSize":3864,"filteredAuxiliaryAssets":1,"auxiliaryAssetsSize":7729},"component---src-pages-index-js":{"name":"component---src-pages-index-js","assets":[{"name":"framework-d476294a15909b953683.js","size":130486},{"name":"styles.a4f669154bed71d9d1c6.css","size":82427},{"name":"76d8c668-c0c6fef0da318f9a90a4.js","size":86772},{"name":"eab46c4b073e87fda05ce3e01f0fee625fdbb170-48e84cf1df01dd36ac6b.js","size":537708},{"name":"cccccc7454a07ed1de22542083b479215d50983e-3995338c8457b36b3f81.js","size":11868},{"name":"816a42ca36eb24f2b7bf3ac6ec3bceb54bdd14f9-f6d561e0cf1d94cd4c61.js","size":58698},{"name":"d2a48181d30ccd19bcca43018801258e97ea709f-62ef51d48270094a2c50.js","size":73029},{"name":"component---src-pages-index-js-efea3b94eeb167ae6b06.js","size":72382}],"filteredAssets":0,"assetsSize":1053370,"filteredAuxiliaryAssets":9,"auxiliaryAssetsSize":4357812},"component---src-pages-owner-create-hotel-page-js":{"name":"component---src-pages-owner-create-hotel-page-js","assets":[{"name":"framework-d476294a15909b953683.js","size":130486},{"name":"styles.a4f669154bed71d9d1c6.css","size":82427},{"name":"76d8c668-c0c6fef0da318f9a90a4.js","size":86772},{"name":"eab46c4b073e87fda05ce3e01f0fee625fdbb170-48e84cf1df01dd36ac6b.js","size":537708},{"name":"cccccc7454a07ed1de22542083b479215d50983e-3995338c8457b36b3f81.js","size":11868},{"name":"e15bf86ffaf889264d75e6ff23e0d39599c2ca91-8146bcfb3efa21931141.js","size":20465},{"name":"8768425d6a6ffd0686629d3a8623a1a6767241ea-4eac95a557b1e79b9c92.js","size":73830},{"name":"8a80b217183a85790f8a9432228b4ba2338cc8fa-8f00a5c715a014a128b3.js","size":17259},{"name":"component---src-pages-owner-create-hotel-page-js-24f02a4ac0ea13460e04.js","size":6465}],"filteredAssets":0,"assetsSize":967280,"filteredAuxiliaryAssets":10,"auxiliaryAssetsSize":4080776},"component---src-pages-owner-create-room-page-js":{"name":"component---src-pages-owner-create-room-page-js","assets":[{"name":"framework-d476294a15909b953683.js","size":130486},{"name":"styles.a4f669154bed71d9d1c6.css","size":82427},{"name":"76d8c668-c0c6fef0da318f9a90a4.js","size":86772},{"name":"eab46c4b073e87fda05ce3e01f0fee625fdbb170-48e84cf1df01dd36ac6b.js","size":537708},{"name":"cccccc7454a07ed1de22542083b479215d50983e-3995338c8457b36b3f81.js","size":11868},{"name":"e15bf86ffaf889264d75e6ff23e0d39599c2ca91-8146bcfb3efa21931141.js","size":20465},{"name":"8768425d6a6ffd0686629d3a8623a1a6767241ea-4eac95a557b1e79b9c92.js","size":73830},{"name":"component---src-pages-owner-create-room-page-js-e03961a33910504dbcee.js","size":18725}],"filteredAssets":0,"assetsSize":962281,"filteredAuxiliaryAssets":9,"auxiliaryAssetsSize":4060205},"component---src-pages-owner-list-hotel-page-js":{"name":"component---src-pages-owner-list-hotel-page-js","assets":[{"name":"framework-d476294a15909b953683.js","size":130486},{"name":"styles.a4f669154bed71d9d1c6.css","size":82427},{"name":"76d8c668-c0c6fef0da318f9a90a4.js","size":86772},{"name":"eab46c4b073e87fda05ce3e01f0fee625fdbb170-48e84cf1df01dd36ac6b.js","size":537708},{"name":"cccccc7454a07ed1de22542083b479215d50983e-3995338c8457b36b3f81.js","size":11868},{"name":"e15bf86ffaf889264d75e6ff23e0d39599c2ca91-8146bcfb3efa21931141.js","size":20465},{"name":"8768425d6a6ffd0686629d3a8623a1a6767241ea-4eac95a557b1e79b9c92.js","size":73830},{"name":"8a80b217183a85790f8a9432228b4ba2338cc8fa-8f00a5c715a014a128b3.js","size":17259},{"name":"component---src-pages-owner-list-hotel-page-js-bab6cec77a479f7a29e7.js","size":16920}],"filteredAssets":0,"assetsSize":977735,"filteredAuxiliaryAssets":10,"auxiliaryAssetsSize":4090849},"component---src-pages-owner-list-room-page-js":{"name":"component---src-pages-owner-list-room-page-js","assets":[{"name":"framework-d476294a15909b953683.js","size":130486},{"name":"styles.a4f669154bed71d9d1c6.css","size":82427},{"name":"76d8c668-c0c6fef0da318f9a90a4.js","size":86772},{"name":"eab46c4b073e87fda05ce3e01f0fee625fdbb170-48e84cf1df01dd36ac6b.js","size":537708},{"name":"cccccc7454a07ed1de22542083b479215d50983e-3995338c8457b36b3f81.js","size":11868},{"name":"e15bf86ffaf889264d75e6ff23e0d39599c2ca91-8146bcfb3efa21931141.js","size":20465},{"name":"component---src-pages-owner-list-room-page-js-5a6bb48b56dc1c8efedb.js","size":33022}],"filteredAssets":0,"assetsSize":902748,"filteredAuxiliaryAssets":8,"auxiliaryAssetsSize":3779536},"component---src-pages-owner-main-js":{"name":"component---src-pages-owner-main-js","assets":[{"name":"framework-d476294a15909b953683.js","size":130486},{"name":"styles.a4f669154bed71d9d1c6.css","size":82427},{"name":"76d8c668-c0c6fef0da318f9a90a4.js","size":86772},{"name":"eab46c4b073e87fda05ce3e01f0fee625fdbb170-48e84cf1df01dd36ac6b.js","size":537708},{"name":"component---src-pages-owner-main-js-1de935b8c2220e243a86.js","size":16589}],"filteredAssets":0,"assetsSize":853982,"filteredAuxiliaryAssets":6,"auxiliaryAssetsSize":3599786},"component---src-pages-owner-owner-profile-page-js":{"name":"component---src-pages-owner-owner-profile-page-js","assets":[{"name":"framework-d476294a15909b953683.js","size":130486},{"name":"styles.a4f669154bed71d9d1c6.css","size":82427},{"name":"76d8c668-c0c6fef0da318f9a90a4.js","size":86772},{"name":"eab46c4b073e87fda05ce3e01f0fee625fdbb170-48e84cf1df01dd36ac6b.js","size":537708},{"name":"816a42ca36eb24f2b7bf3ac6ec3bceb54bdd14f9-f6d561e0cf1d94cd4c61.js","size":58698},{"name":"component---src-pages-owner-owner-profile-page-js-4aa0eb3e1e82a0b46556.js","size":22963}],"filteredAssets":0,"assetsSize":919054,"filteredAuxiliaryAssets":7,"auxiliaryAssetsSize":3808998},"component---src-pages-owner-update-hotel-page-js":{"name":"component---src-pages-owner-update-hotel-page-js","assets":[{"name":"framework-d476294a15909b953683.js","size":130486},{"name":"styles.a4f669154bed71d9d1c6.css","size":82427},{"name":"76d8c668-c0c6fef0da318f9a90a4.js","size":86772},{"name":"eab46c4b073e87fda05ce3e01f0fee625fdbb170-48e84cf1df01dd36ac6b.js","size":537708},{"name":"component---src-pages-owner-update-hotel-page-js-05cdb220a9c221028ee8.js","size":12781}],"filteredAssets":0,"assetsSize":850174,"filteredAuxiliaryAssets":6,"auxiliaryAssetsSize":3620709},"component---src-pages-search-js":{"name":"component---src-pages-search-js","assets":[{"name":"component---src-pages-search-js-77226118363a764a261c.js","size":3862}],"filteredAssets":0,"assetsSize":3862,"filteredAuxiliaryAssets":1,"auxiliaryAssetsSize":7728},"component---src-pages-user-explore-page-js":{"name":"component---src-pages-user-explore-page-js","assets":[{"name":"framework-d476294a15909b953683.js","size":130486},{"name":"styles.a4f669154bed71d9d1c6.css","size":82427},{"name":"76d8c668-c0c6fef0da318f9a90a4.js","size":86772},{"name":"7d0bf13e-095c71af67e926c9449f.js","size":147838},{"name":"eab46c4b073e87fda05ce3e01f0fee625fdbb170-48e84cf1df01dd36ac6b.js","size":537708},{"name":"component---src-pages-user-explore-page-js-198ac2c8aae6c10089b1.js","size":13712}],"filteredAssets":0,"assetsSize":998943,"filteredAuxiliaryAssets":7,"auxiliaryAssetsSize":4195576},"component---src-pages-user-flights-page-js":{"name":"component---src-pages-user-flights-page-js","assets":[{"name":"framework-d476294a15909b953683.js","size":130486},{"name":"styles.a4f669154bed71d9d1c6.css","size":82427},{"name":"76d8c668-c0c6fef0da318f9a90a4.js","size":86772},{"name":"eab46c4b073e87fda05ce3e01f0fee625fdbb170-48e84cf1df01dd36ac6b.js","size":537708},{"name":"component---src-pages-user-flights-page-js-a48e0acb57355385d4c6.js","size":9177}],"filteredAssets":0,"assetsSize":846570,"filteredAuxiliaryAssets":6,"auxiliaryAssetsSize":3586114},"component---src-pages-user-privacy-page-js":{"name":"component---src-pages-user-privacy-page-js","assets":[{"name":"framework-d476294a15909b953683.js","size":130486},{"name":"styles.a4f669154bed71d9d1c6.css","size":82427},{"name":"76d8c668-c0c6fef0da318f9a90a4.js","size":86772},{"name":"eab46c4b073e87fda05ce3e01f0fee625fdbb170-48e84cf1df01dd36ac6b.js","size":537708},{"name":"component---src-pages-user-privacy-page-js-2f199827bce141c54f30.js","size":35552}],"filteredAssets":0,"assetsSize":872945,"filteredAuxiliaryAssets":6,"auxiliaryAssetsSize":3623753},"component---src-pages-user-profile-page-js":{"name":"component---src-pages-user-profile-page-js","assets":[{"name":"framework-d476294a15909b953683.js","size":130486},{"name":"styles.a4f669154bed71d9d1c6.css","size":82427},{"name":"76d8c668-c0c6fef0da318f9a90a4.js","size":86772},{"name":"eab46c4b073e87fda05ce3e01f0fee625fdbb170-48e84cf1df01dd36ac6b.js","size":537708},{"name":"816a42ca36eb24f2b7bf3ac6ec3bceb54bdd14f9-f6d561e0cf1d94cd4c61.js","size":58698},{"name":"component---src-pages-user-profile-page-js-b3514cc670d2ef747bad.js","size":9511}],"filteredAssets":0,"assetsSize":905602,"filteredAuxiliaryAssets":7,"auxiliaryAssetsSize":3806999},"component---src-pages-user-settings-page-js":{"name":"component---src-pages-user-settings-page-js","assets":[{"name":"framework-d476294a15909b953683.js","size":130486},{"name":"styles.a4f669154bed71d9d1c6.css","size":82427},{"name":"76d8c668-c0c6fef0da318f9a90a4.js","size":86772},{"name":"eab46c4b073e87fda05ce3e01f0fee625fdbb170-48e84cf1df01dd36ac6b.js","size":537708},{"name":"component---src-pages-user-settings-page-js-6caff7b863b0dde831a3.js","size":11744}],"filteredAssets":0,"assetsSize":849137,"filteredAuxiliaryAssets":6,"auxiliaryAssetsSize":3593279},"component---src-pages-user-stay-page-js":{"name":"component---src-pages-user-stay-page-js","assets":[{"name":"framework-d476294a15909b953683.js","size":130486},{"name":"styles.a4f669154bed71d9d1c6.css","size":82427},{"name":"76d8c668-c0c6fef0da318f9a90a4.js","size":86772},{"name":"eab46c4b073e87fda05ce3e01f0fee625fdbb170-48e84cf1df01dd36ac6b.js","size":537708},{"name":"cccccc7454a07ed1de22542083b479215d50983e-3995338c8457b36b3f81.js","size":11868},{"name":"d2a48181d30ccd19bcca43018801258e97ea709f-62ef51d48270094a2c50.js","size":73029},{"name":"component---src-pages-user-stay-page-js-cae045bf8c1ee145a1e7.js","size":610}],"filteredAssets":0,"assetsSize":922900,"filteredAuxiliaryAssets":8,"auxiliaryAssetsSize":3885324},"component---src-pages-user-support-page-js":{"name":"component---src-pages-user-support-page-js","assets":[{"name":"framework-d476294a15909b953683.js","size":130486},{"name":"styles.a4f669154bed71d9d1c6.css","size":82427},{"name":"76d8c668-c0c6fef0da318f9a90a4.js","size":86772},{"name":"eab46c4b073e87fda05ce3e01f0fee625fdbb170-48e84cf1df01dd36ac6b.js","size":537708},{"name":"component---src-pages-user-support-page-js-449c96604d497c91a6d3.js","size":20825}],"filteredAssets":0,"assetsSize":858218,"filteredAuxiliaryAssets":6,"auxiliaryAssetsSize":3603891},"component---src-pages-user-things-to-do-page-js":{"name":"component---src-pages-user-things-to-do-page-js","assets":[{"name":"framework-d476294a15909b953683.js","size":130486},{"name":"styles.a4f669154bed71d9d1c6.css","size":82427},{"name":"76d8c668-c0c6fef0da318f9a90a4.js","size":86772},{"name":"eab46c4b073e87fda05ce3e01f0fee625fdbb170-48e84cf1df01dd36ac6b.js","size":537708},{"name":"component---src-pages-user-things-to-do-page-js-0c7a541dd6380ca40bd0.js","size":8971}],"filteredAssets":0,"assetsSize":846364,"filteredAuxiliaryAssets":6,"auxiliaryAssetsSize":3585704},"component---src-pages-user-trips-page-js":{"name":"component---src-pages-user-trips-page-js","assets":[{"name":"framework-d476294a15909b953683.js","size":130486},{"name":"styles.a4f669154bed71d9d1c6.css","size":82427},{"name":"76d8c668-c0c6fef0da318f9a90a4.js","size":86772},{"name":"eab46c4b073e87fda05ce3e01f0fee625fdbb170-48e84cf1df01dd36ac6b.js","size":537708},{"name":"816a42ca36eb24f2b7bf3ac6ec3bceb54bdd14f9-f6d561e0cf1d94cd4c61.js","size":58698},{"name":"component---src-pages-user-trips-page-js-73f6a3127d74840166da.js","size":13662}],"filteredAssets":0,"assetsSize":909753,"filteredAuxiliaryAssets":7,"auxiliaryAssetsSize":3791210}},"assetsByChunkName":{"polyfill":["webpack-runtime-94fe74cd6315099c87b1.js","polyfill-be44684795d84d2845fe.js"],"app":["webpack-runtime-94fe74cd6315099c87b1.js","framework-d476294a15909b953683.js","styles.a4f669154bed71d9d1c6.css","app-17f2eabb676c03f95c0e.js"],"component---src-pages-404-js":["component---src-pages-404-js-218dcf210692978cb745.js"],"component---src-pages-admin-admin-js":["framework-d476294a15909b953683.js","styles.a4f669154bed71d9d1c6.css","76d8c668-c0c6fef0da318f9a90a4.js","eab46c4b073e87fda05ce3e01f0fee625fdbb170-48e84cf1df01dd36ac6b.js","component---src-pages-admin-admin-js-f458d9d00a15e4028add.js"],"component---src-pages-home-js":["component---src-pages-home-js-0456336e5bfea717f473.js"],"component---src-pages-index-js":["framework-d476294a15909b953683.js","styles.a4f669154bed71d9d1c6.css","76d8c668-c0c6fef0da318f9a90a4.js","eab46c4b073e87fda05ce3e01f0fee625fdbb170-48e84cf1df01dd36ac6b.js","cccccc7454a07ed1de22542083b479215d50983e-3995338c8457b36b3f81.js","816a42ca36eb24f2b7bf3ac6ec3bceb54bdd14f9-f6d561e0cf1d94cd4c61.js","d2a48181d30ccd19bcca43018801258e97ea709f-62ef51d48270094a2c50.js","component---src-pages-index-js-efea3b94eeb167ae6b06.js"],"component---src-pages-owner-create-hotel-page-js":["framework-d476294a15909b953683.js","styles.a4f669154bed71d9d1c6.css","76d8c668-c0c6fef0da318f9a90a4.js","eab46c4b073e87fda05ce3e01f0fee625fdbb170-48e84cf1df01dd36ac6b.js","cccccc7454a07ed1de22542083b479215d50983e-3995338c8457b36b3f81.js","e15bf86ffaf889264d75e6ff23e0d39599c2ca91-8146bcfb3efa21931141.js","8768425d6a6ffd0686629d3a8623a1a6767241ea-4eac95a557b1e79b9c92.js","8a80b217183a85790f8a9432228b4ba2338cc8fa-8f00a5c715a014a128b3.js","component---src-pages-owner-create-hotel-page-js-24f02a4ac0ea13460e04.js"],"component---src-pages-owner-create-room-page-js":["framework-d476294a15909b953683.js","styles.a4f669154bed71d9d1c6.css","76d8c668-c0c6fef0da318f9a90a4.js","eab46c4b073e87fda05ce3e01f0fee625fdbb170-48e84cf1df01dd36ac6b.js","cccccc7454a07ed1de22542083b479215d50983e-3995338c8457b36b3f81.js","e15bf86ffaf889264d75e6ff23e0d39599c2ca91-8146bcfb3efa21931141.js","8768425d6a6ffd0686629d3a8623a1a6767241ea-4eac95a557b1e79b9c92.js","component---src-pages-owner-create-room-page-js-e03961a33910504dbcee.js"],"component---src-pages-owner-list-hotel-page-js":["framework-d476294a15909b953683.js","styles.a4f669154bed71d9d1c6.css","76d8c668-c0c6fef0da318f9a90a4.js","eab46c4b073e87fda05ce3e01f0fee625fdbb170-48e84cf1df01dd36ac6b.js","cccccc7454a07ed1de22542083b479215d50983e-3995338c8457b36b3f81.js","e15bf86ffaf889264d75e6ff23e0d39599c2ca91-8146bcfb3efa21931141.js","8768425d6a6ffd0686629d3a8623a1a6767241ea-4eac95a557b1e79b9c92.js","8a80b217183a85790f8a9432228b4ba2338cc8fa-8f00a5c715a014a128b3.js","component---src-pages-owner-list-hotel-page-js-bab6cec77a479f7a29e7.js"],"component---src-pages-owner-list-room-page-js":["framework-d476294a15909b953683.js","styles.a4f669154bed71d9d1c6.css","76d8c668-c0c6fef0da318f9a90a4.js","eab46c4b073e87fda05ce3e01f0fee625fdbb170-48e84cf1df01dd36ac6b.js","cccccc7454a07ed1de22542083b479215d50983e-3995338c8457b36b3f81.js","e15bf86ffaf889264d75e6ff23e0d39599c2ca91-8146bcfb3efa21931141.js","component---src-pages-owner-list-room-page-js-5a6bb48b56dc1c8efedb.js"],"component---src-pages-owner-main-js":["framework-d476294a15909b953683.js","styles.a4f669154bed71d9d1c6.css","76d8c668-c0c6fef0da318f9a90a4.js","eab46c4b073e87fda05ce3e01f0fee625fdbb170-48e84cf1df01dd36ac6b.js","component---src-pages-owner-main-js-1de935b8c2220e243a86.js"],"component---src-pages-owner-owner-profile-page-js":["framework-d476294a15909b953683.js","styles.a4f669154bed71d9d1c6.css","76d8c668-c0c6fef0da318f9a90a4.js","eab46c4b073e87fda05ce3e01f0fee625fdbb170-48e84cf1df01dd36ac6b.js","816a42ca36eb24f2b7bf3ac6ec3bceb54bdd14f9-f6d561e0cf1d94cd4c61.js","component---src-pages-owner-owner-profile-page-js-4aa0eb3e1e82a0b46556.js"],"component---src-pages-owner-update-hotel-page-js":["framework-d476294a15909b953683.js","styles.a4f669154bed71d9d1c6.css","76d8c668-c0c6fef0da318f9a90a4.js","eab46c4b073e87fda05ce3e01f0fee625fdbb170-48e84cf1df01dd36ac6b.js","component---src-pages-owner-update-hotel-page-js-05cdb220a9c221028ee8.js"],"component---src-pages-search-js":["component---src-pages-search-js-77226118363a764a261c.js"],"component---src-pages-user-explore-page-js":["framework-d476294a15909b953683.js","styles.a4f669154bed71d9d1c6.css","76d8c668-c0c6fef0da318f9a90a4.js","7d0bf13e-095c71af67e926c9449f.js","eab46c4b073e87fda05ce3e01f0fee625fdbb170-48e84cf1df01dd36ac6b.js","component---src-pages-user-explore-page-js-198ac2c8aae6c10089b1.js"],"component---src-pages-user-flights-page-js":["framework-d476294a15909b953683.js","styles.a4f669154bed71d9d1c6.css","76d8c668-c0c6fef0da318f9a90a4.js","eab46c4b073e87fda05ce3e01f0fee625fdbb170-48e84cf1df01dd36ac6b.js","component---src-pages-user-flights-page-js-a48e0acb57355385d4c6.js"],"component---src-pages-user-privacy-page-js":["framework-d476294a15909b953683.js","styles.a4f669154bed71d9d1c6.css","76d8c668-c0c6fef0da318f9a90a4.js","eab46c4b073e87fda05ce3e01f0fee625fdbb170-48e84cf1df01dd36ac6b.js","component---src-pages-user-privacy-page-js-2f199827bce141c54f30.js"],"component---src-pages-user-profile-page-js":["framework-d476294a15909b953683.js","styles.a4f669154bed71d9d1c6.css","76d8c668-c0c6fef0da318f9a90a4.js","eab46c4b073e87fda05ce3e01f0fee625fdbb170-48e84cf1df01dd36ac6b.js","816a42ca36eb24f2b7bf3ac6ec3bceb54bdd14f9-f6d561e0cf1d94cd4c61.js","component---src-pages-user-profile-page-js-b3514cc670d2ef747bad.js"],"component---src-pages-user-settings-page-js":["framework-d476294a15909b953683.js","styles.a4f669154bed71d9d1c6.css","76d8c668-c0c6fef0da318f9a90a4.js","eab46c4b073e87fda05ce3e01f0fee625fdbb170-48e84cf1df01dd36ac6b.js","component---src-pages-user-settings-page-js-6caff7b863b0dde831a3.js"],"component---src-pages-user-stay-page-js":["framework-d476294a15909b953683.js","styles.a4f669154bed71d9d1c6.css","76d8c668-c0c6fef0da318f9a90a4.js","eab46c4b073e87fda05ce3e01f0fee625fdbb170-48e84cf1df01dd36ac6b.js","cccccc7454a07ed1de22542083b479215d50983e-3995338c8457b36b3f81.js","d2a48181d30ccd19bcca43018801258e97ea709f-62ef51d48270094a2c50.js","component---src-pages-user-stay-page-js-cae045bf8c1ee145a1e7.js"],"component---src-pages-user-support-page-js":["framework-d476294a15909b953683.js","styles.a4f669154bed71d9d1c6.css","76d8c668-c0c6fef0da318f9a90a4.js","eab46c4b073e87fda05ce3e01f0fee625fdbb170-48e84cf1df01dd36ac6b.js","component---src-pages-user-support-page-js-449c96604d497c91a6d3.js"],"component---src-pages-user-things-to-do-page-js":["framework-d476294a15909b953683.js","styles.a4f669154bed71d9d1c6.css","76d8c668-c0c6fef0da318f9a90a4.js","eab46c4b073e87fda05ce3e01f0fee625fdbb170-48e84cf1df01dd36ac6b.js","component---src-pages-user-things-to-do-page-js-0c7a541dd6380ca40bd0.js"],"component---src-pages-user-trips-page-js":["framework-d476294a15909b953683.js","styles.a4f669154bed71d9d1c6.css","76d8c668-c0c6fef0da318f9a90a4.js","eab46c4b073e87fda05ce3e01f0fee625fdbb170-48e84cf1df01dd36ac6b.js","816a42ca36eb24f2b7bf3ac6ec3bceb54bdd14f9-f6d561e0cf1d94cd4c61.js","component---src-pages-user-trips-page-js-73f6a3127d74840166da.js"]},"childAssetsByChunkName":{}}